id,first_name,last_name,email,gender
1,Lucia,Tamblyn,ltamblyn0@about.com,Female
2,Aldon,Benley,abenley1@huffingtonpost.com,Male
3,Jemimah,McCahill,jmccahill2@amazon.de,Female
4,Terese,Slatford,tslatford3@tuttocitta.it,Female
5,Juieta,Dmitrienko,jdmitrienko4@example.com,Female
6,Dar,Tremeer,dtremeer5@nationalgeographic.com,Male
7,Rolph,Bawdon,rbawdon6@japanpost.jp,Male
8,Aleksandr,Arnaud,aarnaud7@edublogs.org,Male
9,Sioux,Keford,skeford8@un.org,Female
10,Yvon,Guthrie,yguthrie9@mashable.com,Male
11,Roseann,Colthard,rcoltharda@kickstarter.com,Female
12,Tyson,Drew,tdrewb@github.com,Male
13,Tate,Orthmann,torthmannc@mysql.com,Male
14,Milzie,Riggulsford,mriggulsfordd@livejournal.com,Female
15,Brewster,Luc,bluce@t.co,Male
16,Mal,Cavill,mcavillf@dailymail.co.uk,Male
17,Lek,Poulter,lpoulterg@amazon.co.jp,Male
18,Dulci,Tonn,dtonnh@si.edu,Female
19,Libbie,Wibrow,lwibrowi@yellowbook.com,Female
20,Lorianna,Myford,lmyfordj@yale.edu,Female
21,Pavel,Woollam,pwoollamk@ucoz.com,Male
22,Bobby,Arnolds,barnoldsl@techcrunch.com,Male
23,Niki,Placido,nplacidom@msu.edu,Male
24,Constancia,Verbrugge,cverbruggen@topsy.com,Female
25,Quint,Caldera,qcalderao@angelfire.com,Male
26,Solly,Pomfret,spomfretp@flavors.me,Male
27,Giustino,Marrable,gmarrableq@qq.com,Male
28,Alvira,Pickthorn,apickthornr@nydailynews.com,Female
29,Grace,Mottram,gmottrams@w3.org,Male
30,Stella,Petracchi,spetracchit@npr.org,Female
31,Grantley,Morton,gmortonu@mozilla.org,Bigender
32,Sunny,Dimberline,sdimberlinev@dion.ne.jp,Male
33,Pete,Baythrop,pbaythropw@craigslist.org,Male
34,Ilysa,Luckie,iluckiex@addthis.com,Female
35,Karlene,Haack,khaacky@si.edu,Female
36,Elga,Garrett,egarrettz@dyndns.org,Female
37,Giustino,Mauditt,gmauditt10@nytimes.com,Male
38,Carolus,Khalid,ckhalid11@psu.edu,Male
39,Constantino,Worral,cworral12@amazon.com,Agender
40,Izak,Lesurf,ilesurf13@tuttocitta.it,Agender
41,Jillana,Bernier,jbernier14@shutterfly.com,Female
42,Sioux,Jorioz,sjorioz15@nifty.com,Female
43,Melessa,Battill,mbattill16@weibo.com,Female
44,Adolf,Borton,aborton17@nhs.uk,Male
45,Rochester,Raccio,rraccio18@51.la,Male
46,Vidovic,Temprell,vtemprell19@pen.io,Male
47,Crawford,Seary,cseary1a@oakley.com,Male
48,Bartholemy,Davidofski,bdavidofski1b@freewebs.com,Male
49,Elliott,Domonkos,edomonkos1c@fda.gov,Male
50,Burg,Palleske,bpalleske1d@blogs.com,Male
51,Marsha,Ivanin,mivanin1e@rambler.ru,Female
52,Simona,Drioli,sdrioli1f@adobe.com,Female
53,Jonis,Woodworth,jwoodworth1g@dedecms.com,Female
54,Aubry,Tegeller,ategeller1h@chicagotribune.com,Female
55,Padriac,Carlett,pcarlett1i@addtoany.com,Male
56,Amalea,Forsdyke,aforsdyke1j@webeden.co.uk,Female
57,Bonny,Cuer,bcuer1k@mlb.com,Female
58,Sharyl,Meysham,smeysham1l@desdev.cn,Polygender
59,Sax,Thomazin,sthomazin1m@twitter.com,Male
60,Ilka,Nigh,inigh1n@yandex.ru,Female
61,Gipsy,Cheine,gcheine1o@seattletimes.com,Female
62,Jessi,Hansom,jhansom1p@parallels.com,Female
63,Adelina,Garrit,agarrit1q@psu.edu,Agender
64,Paxon,Koba,pkoba1r@delicious.com,Male
65,Joyan,Rachuig,jrachuig1s@hud.gov,Non-binary
66,Reiko,Olfert,rolfert1t@msu.edu,Agender
67,Israel,Gantlett,igantlett1u@skyrock.com,Male
68,Adara,Dauby,adauby1v@foxnews.com,Female
69,Cross,Reveland,creveland1w@freewebs.com,Genderfluid
70,Ceciley,Pitone,cpitone1x@businessweek.com,Female
71,Manfred,Messier,mmessier1y@wikimedia.org,Male
72,Taite,Sorley,tsorley1z@berkeley.edu,Male
73,Roma,MacCague,rmaccague20@reference.com,Male
74,Quintilla,Gheerhaert,qgheerhaert21@wp.com,Female
75,Borden,Gerding,bgerding22@360.cn,Male
76,Cecily,Odeson,codeson23@devhub.com,Female
77,Heath,Mardall,hmardall24@omniture.com,Male
78,Beverley,Dinjes,bdinjes25@paypal.com,Non-binary
79,Tonya,Lionel,tlionel26@opera.com,Female
80,Tom,Fills,tfills27@marriott.com,Male
81,Rafa,Janak,rjanak28@umich.edu,Female
82,Otho,Reinbech,oreinbech29@istockphoto.com,Male
83,Cecil,MacCleod,cmaccleod2a@slate.com,Male
84,Thorstein,Irwin,tirwin2b@oracle.com,Bigender
85,Octavia,Eye,oeye2c@sciencedaily.com,Female
86,Vilhelmina,Cull,vcull2d@godaddy.com,Female
87,Linus,Colborn,lcolborn2e@skyrock.com,Male
88,Elinor,Dowle,edowle2f@prweb.com,Female
89,Parnell,Suett,psuett2g@yolasite.com,Male
90,Craggy,Varfolomeev,cvarfolomeev2h@cisco.com,Male
91,Odella,Matton,omatton2i@stumbleupon.com,Female
92,Winfred,Lamkin,wlamkin2j@livejournal.com,Male
93,Ignaz,MacNamee,imacnamee2k@phpbb.com,Male
94,Killian,Enrdigo,kenrdigo2l@ocn.ne.jp,Male
95,Alfonse,Bonifant,abonifant2m@sitemeter.com,Male
96,Hanna,Perrottet,hperrottet2n@shutterfly.com,Female
97,Rhea,Atterley,ratterley2o@usatoday.com,Female
98,Yoko,Quiddihy,yquiddihy2p@wiley.com,Female
99,Georgeanne,Noblet,gnoblet2q@fda.gov,Female
100,Cher,Mettricke,cmettricke2r@tinyurl.com,Female
101,Shaylyn,Brizell,sbrizell2s@purevolume.com,Female
102,Rosemarie,Spandley,rspandley2t@trellian.com,Female
103,Colleen,Pflieger,cpflieger2u@quantcast.com,Female
104,Maudie,Fielder,mfielder2v@webs.com,Genderfluid
105,Marni,Barta,mbarta2w@theglobeandmail.com,Genderfluid
106,Lena,Morilla,lmorilla2x@1688.com,Agender
107,Edwin,Jouhan,ejouhan2y@youtu.be,Male
108,Jan,Sone,jsone2z@utexas.edu,Male
109,Magdalen,Soigoux,msoigoux30@github.io,Female
110,Thekla,Jennions,tjennions31@bluehost.com,Female
111,Mikey,Devita,mdevita32@admin.ch,Male
112,Brennan,Elms,belms33@4shared.com,Male
113,Che,Sherville,csherville34@ehow.com,Male
114,Holli,Weatherell,hweatherell35@hp.com,Bigender
115,Doti,McGall,dmcgall36@rambler.ru,Female
116,Gusty,Esterbrook,gesterbrook37@google.com.hk,Genderfluid
117,Griffin,Mossman,gmossman38@blogger.com,Male
118,Roseann,Woonton,rwoonton39@stanford.edu,Polygender
119,Duffie,Varney,dvarney3a@imdb.com,Male
120,Aubert,Greenhow,agreenhow3b@slate.com,Male
121,Gwen,Cancutt,gcancutt3c@yelp.com,Female
122,Nerty,Lober,nlober3d@diigo.com,Female
123,Homer,Cowthard,hcowthard3e@toplist.cz,Male
124,Warner,Kirkebye,wkirkebye3f@admin.ch,Male
125,Meris,Walesby,mwalesby3g@icq.com,Female
126,Dynah,Echlin,dechlin3h@boston.com,Female
127,Ulberto,Hawkes,uhawkes3i@ebay.co.uk,Male
128,Ricard,Veneur,rveneur3j@studiopress.com,Male
129,Christel,Spadelli,cspadelli3k@plala.or.jp,Female
130,Bing,MacGinlay,bmacginlay3l@reverbnation.com,Male
131,Gabriele,Harlow,gharlow3m@economist.com,Male
132,Jaime,Clorley,jclorley3n@blinklist.com,Male
133,Ebony,Tweedell,etweedell3o@sciencedaily.com,Female
134,Barnaby,Clemon,bclemon3p@deviantart.com,Male
135,Harriet,Reichhardt,hreichhardt3q@marketwatch.com,Female
136,Alfi,Standering,astandering3r@google.com,Female
137,Jody,Handrik,jhandrik3s@liveinternet.ru,Non-binary
138,Marcy,Kochel,mkochel3t@drupal.org,Female
139,Madelle,Bolt,mbolt3u@timesonline.co.uk,Female
140,Elnore,Cossins,ecossins3v@cdbaby.com,Female
141,Dudley,Coathup,dcoathup3w@jalbum.net,Non-binary
142,Baxy,Treat,btreat3x@mac.com,Male
143,Fran,Lamplough,flamplough3y@wikispaces.com,Male
144,Rudolph,Doding,rdoding3z@imgur.com,Male
145,Walker,Walkley,wwalkley40@techcrunch.com,Male
146,Bent,Trewhella,btrewhella41@dion.ne.jp,Male
147,Jeromy,Smellie,jsmellie42@forbes.com,Genderqueer
148,Peggy,Rayer,prayer43@yelp.com,Female
149,Harbert,Marsie,hmarsie44@mlb.com,Male
150,Elnar,Darville,edarville45@nps.gov,Male
151,Nettle,Lownds,nlownds46@example.com,Female
152,Cristionna,Fidian,cfidian47@parallels.com,Female
153,Ainslee,Capel,acapel48@last.fm,Female
154,Gustaf,Preuvost,gpreuvost49@google.com.br,Male
155,Johannah,Snellman,jsnellman4a@dot.gov,Female
156,Frannie,L'Archer,flarcher4b@cdc.gov,Male
157,Fancy,Pressey,fpressey4c@a8.net,Female
158,Tonnie,Steanson,tsteanson4d@macromedia.com,Male
159,Carlotta,Harnetty,charnetty4e@flickr.com,Female
160,Reggie,Tincombe,rtincombe4f@webmd.com,Male
161,Tracee,Hedaux,thedaux4g@fotki.com,Female
162,Casper,Jordon,cjordon4h@forbes.com,Male
163,Marcus,Laurand,mlaurand4i@com.com,Male
164,Charlie,Willoughley,cwilloughley4j@livejournal.com,Male
165,Cherianne,Simione,csimione4k@reverbnation.com,Genderfluid
166,Marissa,Eskrigge,meskrigge4l@fc2.com,Female
167,Mirabelle,Manthroppe,mmanthroppe4m@tinyurl.com,Female
168,Zedekiah,Limon,zlimon4n@lycos.com,Male
169,Lindsey,Billson,lbillson4o@wufoo.com,Male
170,Claudina,Toohey,ctoohey4p@addthis.com,Female
171,Josselyn,Cowterd,jcowterd4q@google.ru,Female
172,Clementina,Birdall,cbirdall4r@barnesandnoble.com,Female
173,Davy,Sammes,dsammes4s@is.gd,Male
174,Novelia,Cornau,ncornau4t@naver.com,Female
175,Leoine,MacCafferty,lmaccafferty4u@youtu.be,Female
176,Siffre,Palmar,spalmar4v@hexun.com,Male
177,Mitchael,Everley,meverley4w@uiuc.edu,Male
178,Halsy,Mugglestone,hmugglestone4x@nymag.com,Male
179,Brianne,Sant,bsant4y@berkeley.edu,Agender
180,Katharine,Geekie,kgeekie4z@multiply.com,Non-binary
181,Jeanine,Scrase,jscrase50@seesaa.net,Female
182,Teddy,Gilkison,tgilkison51@zdnet.com,Female
183,Torin,Ranking,tranking52@ucla.edu,Male
184,Maia,Hurdiss,mhurdiss53@japanpost.jp,Female
185,Jock,Extil,jextil54@sun.com,Non-binary
186,Ali,Haton,ahaton55@google.co.jp,Male
187,Putnem,Hallaways,phallaways56@cocolog-nifty.com,Male
188,Delmar,Peiro,dpeiro57@people.com.cn,Male
189,Shurlock,De Andreis,sdeandreis58@cbslocal.com,Male
190,Ciel,Naulls,cnaulls59@state.tx.us,Polygender
191,Mead,Vinck,mvinck5a@dmoz.org,Male
192,Seamus,Seabrooke,sseabrooke5b@about.com,Male
193,Walden,Jzak,wjzak5c@ca.gov,Male
194,Lonny,Le Franc,llefranc5d@msn.com,Male
195,Karyl,Pietesch,kpietesch5e@amazon.de,Female
196,Kevina,Starrs,kstarrs5f@msn.com,Female
197,Em,Ida,eida5g@hp.com,Female
198,Diana,Conti,dconti5h@globo.com,Female
199,Osborne,Tomasian,otomasian5i@skyrock.com,Male
200,Torrin,Bromby,tbromby5j@ca.gov,Male
201,Cody,Goulborne,cgoulborne5k@xing.com,Female
202,Kriste,Mullan,kmullan5l@indiegogo.com,Female
203,Cordie,Drewet,cdrewet5m@buzzfeed.com,Male
204,Alta,Kincade,akincade5n@newsvine.com,Female
205,Clevie,Eddis,ceddis5o@friendfeed.com,Male
206,Jeanne,Pistol,jpistol5p@google.fr,Female
207,Derwin,Tethacot,dtethacot5q@youtu.be,Male
208,Stuart,Stredwick,sstredwick5r@studiopress.com,Male
209,Kerr,Rooze,krooze5s@mapquest.com,Male
210,Skipper,Wiggam,swiggam5t@nba.com,Male
211,Edgard,Cattellion,ecattellion5u@techcrunch.com,Male
212,Jennine,Coskerry,jcoskerry5v@usnews.com,Female
213,Rriocard,Close,rclose5w@hatena.ne.jp,Male
214,Albertina,McGonagle,amcgonagle5x@senate.gov,Female
215,Merola,Nurdin,mnurdin5y@timesonline.co.uk,Female
216,Rosamond,Dwerryhouse,rdwerryhouse5z@house.gov,Female
217,Chrystal,Enion,cenion60@ocn.ne.jp,Female
218,Cassi,Martinuzzi,cmartinuzzi61@globo.com,Female
219,Ambrosius,Dowthwaite,adowthwaite62@arizona.edu,Male
220,Cherrita,Molyneaux,cmolyneaux63@csmonitor.com,Bigender
221,Ricky,Ravenscraft,rravenscraft64@accuweather.com,Male
222,Reggy,Blazevic,rblazevic65@mac.com,Male
223,Cece,Dillingston,cdillingston66@intel.com,Male
224,Meriel,Danit,mdanit67@mashable.com,Female
225,Claybourne,Furniss,cfurniss68@netscape.com,Male
226,Casandra,Braz,cbraz69@51.la,Female
227,Smith,Pittock,spittock6a@salon.com,Male
228,Garner,Wanless,gwanless6b@irs.gov,Male
229,Nicolai,Owain,nowain6c@constantcontact.com,Male
230,Nannie,Lautie,nlautie6d@wisc.edu,Female
231,Ursula,Morrison,umorrison6e@digg.com,Female
232,Elmer,Bullman,ebullman6f@unicef.org,Male
233,Florri,Craigg,fcraigg6g@hubpages.com,Female
234,Jenny,Brugemann,jbrugemann6h@deviantart.com,Polygender
235,Arielle,Mackriell,amackriell6i@livejournal.com,Female
236,Flemming,Braysher,fbraysher6j@cbsnews.com,Non-binary
237,Robinette,Cottrell,rcottrell6k@squarespace.com,Female
238,Brenna,Ridesdale,bridesdale6l@stumbleupon.com,Female
239,Nicki,Turone,nturone6m@elpais.com,Female
240,Lexis,Shave,lshave6n@spiegel.de,Female
241,Erina,Dummer,edummer6o@tamu.edu,Female
242,Caron,Dafforne,cdafforne6p@bluehost.com,Female
243,Radcliffe,Barwick,rbarwick6q@sourceforge.net,Male
244,Matias,Baggelley,mbaggelley6r@posterous.com,Male
245,Antone,Kelinge,akelinge6s@phpbb.com,Male
246,Steward,McLuckie,smcluckie6t@hostgator.com,Non-binary
247,Lorena,Summerlad,lsummerlad6u@trellian.com,Genderqueer
248,Ammamaria,Baud,abaud6v@wikipedia.org,Female
249,Claudelle,Hulland,chulland6w@tripod.com,Genderqueer
250,Josepha,Pettegree,jpettegree6x@purevolume.com,Female
251,Chev,Alesio,calesio6y@wikimedia.org,Male
252,Adelbert,Moorerud,amoorerud6z@yolasite.com,Male
253,Bette,Gladbach,bgladbach70@nih.gov,Female
254,Neila,Sibary,nsibary71@house.gov,Female
255,Michaela,Brimham,mbrimham72@ifeng.com,Female
256,Odey,Ipplett,oipplett73@youtu.be,Male
257,Boniface,Pidgeley,bpidgeley74@twitpic.com,Genderfluid
258,Eveleen,Heitz,eheitz75@dedecms.com,Female
259,Kaspar,Nobes,knobes76@goodreads.com,Male
260,Archaimbaud,Alcido,aalcido77@parallels.com,Male
261,Pammie,Shillingford,pshillingford78@google.co.jp,Female
262,Rogerio,Hendren,rhendren79@elpais.com,Male
263,Prent,Cunnane,pcunnane7a@shinystat.com,Male
264,Brooks,Noar,bnoar7b@g.co,Female
265,Chelsea,Quadri,cquadri7c@redcross.org,Female
266,Ramsey,Seery,rseery7d@blogtalkradio.com,Male
267,Fonz,Kingerby,fkingerby7e@weibo.com,Male
268,Grace,Hallatt,ghallatt7f@noaa.gov,Male
269,Timmy,Fearnall,tfearnall7g@cam.ac.uk,Male
270,Roy,Ardron,rardron7h@craigslist.org,Male
271,Errol,Leedal,eleedal7i@example.com,Bigender
272,Luise,Silk,lsilk7j@msu.edu,Female
273,Christopher,Coupman,ccoupman7k@cloudflare.com,Male
274,Hobey,Vinson,hvinson7l@howstuffworks.com,Male
275,Abner,Folley,afolley7m@berkeley.edu,Male
276,Gerry,Cuthbertson,gcuthbertson7n@blogspot.com,Female
277,Malina,Nuzzti,mnuzzti7o@miitbeian.gov.cn,Female
278,Nickola,Vercruysse,nvercruysse7p@sciencedaily.com,Male
279,Griffin,Polendine,gpolendine7q@cloudflare.com,Male
280,Bartram,McCreedy,bmccreedy7r@smh.com.au,Male
281,Bobinette,McCroary,bmccroary7s@google.fr,Female
282,Che,Gianolo,cgianolo7t@weebly.com,Male
283,Rosco,Selvester,rselvester7u@adobe.com,Male
284,Delbert,Corington,dcorington7v@rediff.com,Genderqueer
285,Hillyer,D'Alesio,hdalesio7w@uol.com.br,Male
286,Rufe,O'Mohun,romohun7x@themeforest.net,Male
287,Charlot,Bonnar,cbonnar7y@cdc.gov,Female
288,Katrine,Weald,kweald7z@cam.ac.uk,Female
289,Terrence,Skoyles,tskoyles80@disqus.com,Male
290,Simonne,Ingleton,singleton81@cnn.com,Bigender
291,Hamnet,Dwyr,hdwyr82@gov.uk,Male
292,Brietta,Delaprelle,bdelaprelle83@imageshack.us,Female
293,Eugenie,Barense,ebarense84@parallels.com,Female
294,Marley,Rapp,mrapp85@etsy.com,Female
295,Wolfgang,Hall,whall86@icq.com,Male
296,Christean,Roseborough,croseborough87@ibm.com,Female
297,Webb,Beasley,wbeasley88@europa.eu,Male
298,Ed,Sired,esired89@paypal.com,Male
299,Ivor,Sams,isams8a@seesaa.net,Male
300,Cynthea,Van der Spohr,cvanderspohr8b@howstuffworks.com,Female
301,Sampson,Bubeer,sbubeer8c@walmart.com,Male
302,Ranee,Ashtonhurst,rashtonhurst8d@bandcamp.com,Female
303,Moria,Abbe,mabbe8e@google.pl,Female
304,Maud,Tregunna,mtregunna8f@google.com.hk,Female
305,Evita,Gilkes,egilkes8g@ycombinator.com,Agender
306,Bevin,Colombier,bcolombier8h@miitbeian.gov.cn,Male
307,Dennis,Aleksandrikin,daleksandrikin8i@issuu.com,Male
308,Elicia,Peasee,epeasee8j@last.fm,Female
309,Stanford,Cicchelli,scicchelli8k@twitpic.com,Male
310,Sheppard,Fuzzard,sfuzzard8l@slashdot.org,Male
311,Darrell,Langstrath,dlangstrath8m@feedburner.com,Male
312,Silvester,Colam,scolam8n@ycombinator.com,Male
313,Lorraine,Dyne,ldyne8o@exblog.jp,Female
314,Darby,Colbran,dcolbran8p@canalblog.com,Male
315,Laurent,Cunradi,lcunradi8q@t-online.de,Male
316,Raphaela,Eastbury,reastbury8r@apple.com,Female
317,Juline,Noulton,jnoulton8s@indiatimes.com,Female
318,Irwin,Spaduzza,ispaduzza8t@senate.gov,Male
319,Georgine,Brann,gbrann8u@dot.gov,Female
320,Farris,Jachimczak,fjachimczak8v@cmu.edu,Male
321,Kirsti,Jakov,kjakov8w@privacy.gov.au,Female
322,Ulrika,MacAnespie,umacanespie8x@histats.com,Non-binary
323,Nellie,Yeulet,nyeulet8y@java.com,Female
324,Noach,Aspell,naspell8z@toplist.cz,Male
325,Buckie,Haire,bhaire90@squarespace.com,Male
326,Mora,Kiehnlt,mkiehnlt91@miitbeian.gov.cn,Female
327,Raoul,Revelle,rrevelle92@columbia.edu,Male
328,Katie,Ishchenko,kishchenko93@wikimedia.org,Female
329,Kassey,Bonifant,kbonifant94@comcast.net,Female
330,Gris,Zima,gzima95@nasa.gov,Male
331,Eolande,Davydkov,edavydkov96@twitpic.com,Female
332,Sybil,Mouth,smouth97@amazon.com,Female
333,Shae,Burkman,sburkman98@1688.com,Female
334,Hanson,Ozelton,hozelton99@mail.ru,Male
335,Talbot,Stigell,tstigell9a@list-manage.com,Male
336,Jocelin,Abeau,jabeau9b@about.com,Genderqueer
337,Sibylle,Pioli,spioli9c@fotki.com,Female
338,Aaron,Dunsmore,adunsmore9d@sciencedaily.com,Male
339,Tandie,Neary,tneary9e@alexa.com,Female
340,Amory,Fountian,afountian9f@ebay.com,Genderfluid
341,Leonid,Teacy,lteacy9g@photobucket.com,Male
342,Theodoric,Petrelli,tpetrelli9h@arizona.edu,Male
343,Merill,Docherty,mdocherty9i@disqus.com,Male
344,Kamila,Rowthorne,krowthorne9j@hostgator.com,Female
345,Nata,Frame,nframe9k@smh.com.au,Female
346,Garrett,Gales,ggales9l@ebay.co.uk,Male
347,Debee,Jurca,djurca9m@techcrunch.com,Female
348,Julita,Geibel,jgeibel9n@cloudflare.com,Female
349,Archer,Worboy,aworboy9o@photobucket.com,Male
350,Nataniel,Twiggins,ntwiggins9p@usnews.com,Male
351,Aigneis,Seward,aseward9q@intel.com,Female
352,Jeanine,Andreaccio,jandreaccio9r@paginegialle.it,Female
353,Farleigh,Benedite,fbenedite9s@vinaora.com,Genderfluid
354,Howie,Costanza,hcostanza9t@theguardian.com,Male
355,Lorrie,Berr,lberr9u@youtube.com,Female
356,Hadlee,Kohrsen,hkohrsen9v@furl.net,Male
357,Laurie,Skoughman,lskoughman9w@bbc.co.uk,Male
358,Esra,Sidle,esidle9x@wunderground.com,Bigender
359,Davon,Emig,demig9y@shinystat.com,Male
360,Jeannine,Gladdor,jgladdor9z@typepad.com,Female
361,Giulietta,Cawdery,gcawderya0@wunderground.com,Female
362,Jeddy,Crafter,jcraftera1@bravesites.com,Male
363,Morris,Allon,mallona2@va.gov,Genderqueer
364,Christy,Floch,cflocha3@ebay.com,Female
365,Sayres,Mangam,smangama4@ibm.com,Male
366,Kliment,Scane,kscanea5@mediafire.com,Male
367,Rachele,Wanless,rwanlessa6@amazon.co.uk,Female
368,Colby,Lapwood,clapwooda7@geocities.com,Male
369,Sarina,Colliber,scollibera8@sciencedirect.com,Female
370,Garik,Pershouse,gpershousea9@nps.gov,Male
371,Cosetta,Dewen,cdewenaa@alibaba.com,Female
372,Brandy,Willock,bwillockab@virginia.edu,Female
373,Alford,Joseff,ajoseffac@boston.com,Male
374,Maddie,Addey,maddeyad@freewebs.com,Female
375,Esme,Chastney,echastneyae@yolasite.com,Bigender
376,Cherrita,Trevaskiss,ctrevaskissaf@yale.edu,Female
377,Conny,Warrender,cwarrenderag@reference.com,Female
378,Barbabra,Borthram,bborthramah@behance.net,Bigender
379,Romonda,Beardsworth,rbeardsworthai@usgs.gov,Female
380,Baxie,Millichip,bmillichipaj@csmonitor.com,Male
381,Cindie,Kiernan,ckiernanak@comsenz.com,Female
382,Ivar,Friend,ifriendal@wunderground.com,Male
383,Koren,Gayton,kgaytonam@sourceforge.net,Female
384,Cathe,Corradengo,ccorradengoan@loc.gov,Female
385,Hasheem,Vannuccini,hvannucciniao@icq.com,Male
386,Huberto,Prinn,hprinnap@canalblog.com,Male
387,Garald,Skeels,gskeelsaq@bravesites.com,Male
388,Carly,Hugh,chughar@google.ca,Female
389,Lawrence,Marriott,lmarriottas@constantcontact.com,Male
390,Tasha,Martel,tmartelat@pbs.org,Female
391,Carson,Mityushin,cmityushinau@google.ca,Male
392,Jami,Raggles,jragglesav@1688.com,Female
393,Krystal,West,kwestaw@yolasite.com,Female
394,Willey,Browett,wbrowettax@mit.edu,Male
395,Noelle,Lenz,nlenzay@live.com,Female
396,Wheeler,Ruggier,wruggieraz@vinaora.com,Male
397,Cathleen,Marwick,cmarwickb0@dell.com,Female
398,Vivyanne,Bridywater,vbridywaterb1@xing.com,Female
399,Lenore,Combe,lcombeb2@home.pl,Female
400,Laure,Overall,loverallb3@123-reg.co.uk,Genderfluid
401,Hatty,Lacaze,hlacazeb4@tripod.com,Female
402,Kata,Copper,kcopperb5@cargocollective.com,Female
403,Kyla,Hussy,khussyb6@hubpages.com,Female
404,Dierdre,Rivers,driversb7@tamu.edu,Female
405,Micki,Stables,mstablesb8@msn.com,Female
406,Horst,Tolmie,htolmieb9@phoca.cz,Male
407,Gates,Birchett,gbirchettba@intel.com,Female
408,Roxi,Moralas,rmoralasbb@list-manage.com,Female
409,Gonzales,Zywicki,gzywickibc@123-reg.co.uk,Male
410,Babs,Dolphin,bdolphinbd@over-blog.com,Female
411,Emmie,Abreheart,eabreheartbe@t-online.de,Female
412,Aluin,Goodey,agoodeybf@woothemes.com,Male
413,Genevieve,Bastick,gbastickbg@sun.com,Female
414,Veradis,Allridge,vallridgebh@moonfruit.com,Female
415,Ailsun,Arnholtz,aarnholtzbi@themeforest.net,Female
416,Beatrix,Stoaks,bstoaksbj@amazon.co.jp,Female
417,Ailina,Burrass,aburrassbk@npr.org,Female
418,Mattias,Greatham,mgreathambl@accuweather.com,Bigender
419,Cornell,Gergus,cgergusbm@fema.gov,Male
420,Onfre,Woolfoot,owoolfootbn@gmpg.org,Male
421,Sarette,McCurtin,smccurtinbo@weebly.com,Female
422,Abbie,Gabey,agabeybp@phpbb.com,Male
423,Jon,Alelsandrowicz,jalelsandrowiczbq@stumbleupon.com,Male
424,Payton,Borthram,pborthrambr@globo.com,Male
425,Mona,Arnaudet,marnaudetbs@washingtonpost.com,Female
426,Hyacinth,Croston,hcrostonbt@mac.com,Female
427,Berny,Skerman,bskermanbu@time.com,Female
428,Isak,Boerder,iboerderbv@newsvine.com,Male
429,Mellisent,Hampshire,mhampshirebw@ezinearticles.com,Female
430,Holly,Clemot,hclemotbx@ihg.com,Male
431,Alexander,Wadelin,awadelinby@stanford.edu,Male
432,Dorothy,Jepson,djepsonbz@imageshack.us,Female
433,Wally,Chinnock,wchinnockc0@photobucket.com,Female
434,Katlin,Tomczykiewicz,ktomczykiewiczc1@flavors.me,Female
435,D'arcy,Dybald,ddybaldc2@cyberchimps.com,Male
436,Gregorius,Mewis,gmewisc3@usgs.gov,Male
437,Emilia,Moverley,emoverleyc4@xrea.com,Female
438,Delcine,Possel,dposselc5@reddit.com,Female
439,Emogene,Mountford,emountfordc6@abc.net.au,Female
440,Griswold,Bier,gbierc7@histats.com,Male
441,Zerk,Orteaux,zorteauxc8@usgs.gov,Male
442,Devondra,Dancer,ddancerc9@yahoo.com,Female
443,Leonardo,Youings,lyouingsca@taobao.com,Male
444,Thom,Luckcock,tluckcockcb@walmart.com,Male
445,Gardiner,Tesyro,gtesyrocc@youku.com,Male
446,Hamilton,Farnill,hfarnillcd@typepad.com,Male
447,Brendis,Vanyatin,bvanyatince@eventbrite.com,Male
448,Devina,Bofield,dbofieldcf@digg.com,Female
449,Emili,Duncan,eduncancg@boston.com,Female
450,Geoffrey,MacGinlay,gmacginlaych@pbs.org,Genderqueer
451,Muffin,De Ambrosis,mdeambrosisci@squidoo.com,Female
452,Elana,Lyddon,elyddoncj@51.la,Female
453,Woody,Couttes,wcouttesck@google.pl,Genderqueer
454,Clair,Connow,cconnowcl@freewebs.com,Female
455,Bale,Glasard,bglasardcm@epa.gov,Male
456,Monika,Pollok,mpollokcn@ft.com,Female
457,Papageno,Poulney,ppoulneyco@latimes.com,Male
458,Elisabet,Burne,eburnecp@cdc.gov,Female
459,Whitman,Kisting,wkistingcq@google.fr,Male
460,Gretta,Fermor,gfermorcr@accuweather.com,Female
461,Reinald,Panketh,rpankethcs@cocolog-nifty.com,Male
462,Dyanna,Katt,dkattct@omniture.com,Female
463,Myrle,Bernet,mbernetcu@state.tx.us,Female
464,Raina,Handley,rhandleycv@nature.com,Non-binary
465,Yetta,Lorait,yloraitcw@dion.ne.jp,Female
466,Reade,Frampton,rframptoncx@stumbleupon.com,Male
467,Leupold,Covell,lcovellcy@naver.com,Male
468,Merrielle,Windless,mwindlesscz@cbsnews.com,Female
469,Brendin,Tapton,btaptond0@addtoany.com,Male
470,Guy,Benadette,gbenadetted1@amazon.co.jp,Male
471,Gussy,Campe,gcamped2@taobao.com,Female
472,Sal,Skerrett,sskerrettd3@deliciousdays.com,Female
473,Lind,Prendiville,lprendivilled4@go.com,Male
474,Julietta,Croci,jcrocid5@tripadvisor.com,Female
475,Mickie,Gerhold,mgerholdd6@chronoengine.com,Bigender
476,Francisco,McElory,fmceloryd7@discuz.net,Male
477,Ursula,Torres,utorresd8@taobao.com,Female
478,Evangeline,Birts,ebirtsd9@ustream.tv,Female
479,Clerissa,Tonna,ctonnada@ox.ac.uk,Female
480,Cary,Castanos,ccastanosdb@dailymail.co.uk,Bigender
481,Roobbie,Reddish,rreddishdc@smh.com.au,Female
482,Clarisse,Slowcock,cslowcockdd@intel.com,Female
483,La verne,Grzeszczyk,lgrzeszczykde@examiner.com,Female
484,Dame,Patience,dpatiencedf@e-recht24.de,Male
485,Augy,Horsell,ahorselldg@tinypic.com,Male
486,Berkie,Ginie,bginiedh@home.pl,Male
487,Melli,Stables,mstablesdi@japanpost.jp,Female
488,Merle,Twiggs,mtwiggsdj@prnewswire.com,Male
489,Korrie,Ivanenkov,kivanenkovdk@vistaprint.com,Female
490,Ryan,Ullyatt,rullyattdl@mediafire.com,Male
491,Skippie,Kenyon,skenyondm@telegraph.co.uk,Male
492,Tonya,Gusticke,tgustickedn@digg.com,Female
493,Celeste,Pendrill,cpendrilldo@pinterest.com,Female
494,Tammy,Lownie,tlowniedp@mac.com,Female
495,Josey,Bamforth,jbamforthdq@fastcompany.com,Female
496,Garik,Hourahan,ghourahandr@deliciousdays.com,Male
497,Clarice,Bruneton,cbrunetonds@addtoany.com,Bigender
498,Rick,Blumire,rblumiredt@quantcast.com,Male
499,Robbie,Frift,rfriftdu@privacy.gov.au,Male
500,Harris,Liven,hlivendv@cbslocal.com,Non-binary
501,Jocko,Crozier,jcrozierdw@facebook.com,Male
502,Jenda,Farlowe,jfarlowedx@theglobeandmail.com,Female
503,Brig,Hugett,bhugettdy@blog.com,Male
504,Teddy,Tune,ttunedz@apache.org,Female
505,Niko,Kroll,nkrolle0@shinystat.com,Male
506,Krishna,Bank,kbanke1@omniture.com,Male
507,Sharia,Demead,sdemeade2@smh.com.au,Female
508,Morty,Rzehorz,mrzehorze3@live.com,Male
509,Maire,Gubbin,mgubbine4@nationalgeographic.com,Female
510,Elna,Cudworth,ecudworthe5@stumbleupon.com,Female
511,Flinn,Filipov,ffilipove6@answers.com,Male
512,Charley,Rottery,crotterye7@sun.com,Male
513,Antoinette,Miko,amikoe8@etsy.com,Female
514,Trish,Maslen,tmaslene9@vistaprint.com,Female
515,Aristotle,Albrook,aalbrookea@tamu.edu,Male
516,Wallas,Camell,wcamelleb@wired.com,Male
517,Wally,Stronough,wstronoughec@nymag.com,Male
518,Mahalia,Ullock,mullocked@prlog.org,Female
519,Meagan,Capin,mcapinee@yolasite.com,Female
520,Winni,Troker,wtrokeref@xinhuanet.com,Female
521,Allayne,Hatto,ahattoeg@google.com.br,Male
522,Lilllie,Tookey,ltookeyeh@blogger.com,Female
523,Roger,Abbis,rabbisei@infoseek.co.jp,Male
524,Royall,Kincade,rkincadeej@time.com,Male
525,Toddy,Belliveau,tbelliveauek@domainmarket.com,Male
526,Paul,Hawes,phawesel@wunderground.com,Genderfluid
527,Angelico,Gerdts,agerdtsem@dailymotion.com,Male
528,Natalie,Father,nfatheren@rediff.com,Female
529,Alyss,Levitt,alevitteo@jigsy.com,Female
530,Dominique,Mark,dmarkep@blogger.com,Female
531,Anna-diane,Markussen,amarkusseneq@fema.gov,Female
532,Louie,Hartil,lhartiler@etsy.com,Male
533,Brigg,Handley,bhandleyes@drupal.org,Male
534,Kimble,Espinheira,kespinheiraet@mozilla.com,Agender
535,Lionel,Orht,lorhteu@sina.com.cn,Male
536,Holt,Rootham,hroothamev@berkeley.edu,Male
537,Gradey,Minnock,gminnockew@sina.com.cn,Male
538,Marvin,Bendall,mbendallex@europa.eu,Male
539,Beth,Verey,bvereyey@boston.com,Female
540,Jacobo,Groom,jgroomez@oaic.gov.au,Male
541,Clyve,Grint,cgrintf0@myspace.com,Male
542,Aretha,Melloi,amelloif1@wordpress.com,Non-binary
543,Rockwell,Heaven,rheavenf2@home.pl,Male
544,Torrin,Partner,tpartnerf3@craigslist.org,Male
545,Wilona,Lowdes,wlowdesf4@usnews.com,Female
546,Griffin,Kondrat,gkondratf5@usatoday.com,Polygender
547,Bertie,Medley,bmedleyf6@europa.eu,Female
548,Adolpho,Crus,acrusf7@google.ca,Male
549,Onofredo,Woolfitt,owoolfittf8@geocities.com,Male
550,Orson,Janaszewski,ojanaszewskif9@rambler.ru,Male
551,Ransell,Dockwra,rdockwrafa@issuu.com,Male
552,Emylee,Horbart,ehorbartfb@google.cn,Polygender
553,Eward,Kolin,ekolinfc@intel.com,Male
554,Waldo,MacCaull,wmaccaullfd@abc.net.au,Male
555,Ariella,Shew,ashewfe@1688.com,Female
556,Fred,Scoyne,fscoyneff@blogtalkradio.com,Male
557,Jo ann,Hammerson,jhammersonfg@wikimedia.org,Female
558,Annecorinne,Bousfield,abousfieldfh@exblog.jp,Female
559,Alvinia,Grissett,agrissettfi@comsenz.com,Female
560,Emlyn,Mosconi,emosconifj@g.co,Male
561,Allayne,Ottee,aotteefk@cpanel.net,Male
562,Evered,Tremolieres,etremolieresfl@angelfire.com,Male
563,Martie,Vockins,mvockinsfm@yahoo.com,Male
564,Vito,Lovatt,vlovattfn@usda.gov,Male
565,Nikolia,Benedict,nbenedictfo@blogs.com,Female
566,Zahara,Ham,zhamfp@bloglovin.com,Female
567,Aldous,Lishmund,alishmundfq@ow.ly,Bigender
568,Erik,Ragg,eraggfr@free.fr,Male
569,Kaia,Kempshall,kkempshallfs@naver.com,Female
570,Vlad,Tabord,vtabordft@instagram.com,Male
571,Gayel,Boyd,gboydfu@vinaora.com,Female
572,Vilhelmina,Yegoshin,vyegoshinfv@dyndns.org,Female
573,Joni,Nickolls,jnickollsfw@patch.com,Non-binary
574,Cloe,Shalders,cshaldersfx@amazon.co.uk,Female
575,Arney,Rossander,arossanderfy@hp.com,Male
576,Pen,Dederich,pdederichfz@geocities.com,Female
577,Etan,Jarritt,ejarrittg0@xrea.com,Male
578,Andre,Stut,astutg1@wordpress.org,Male
579,Marlo,Flower,mflowerg2@pcworld.com,Male
580,Jennine,Yushmanov,jyushmanovg3@google.fr,Female
581,Danella,Eustace,deustaceg4@free.fr,Female
582,Cassandre,Greader,cgreaderg5@ask.com,Female
583,Leigha,Dewire,ldewireg6@bing.com,Female
584,Emma,Bigby,ebigbyg7@plala.or.jp,Female
585,Suzette,Kimblen,skimbleng8@woothemes.com,Female
586,Spense,Dockery,sdockeryg9@is.gd,Male
587,Denis,Rannigan,dranniganga@fema.gov,Male
588,Ravid,Meas,rmeasgb@army.mil,Male
589,Walden,Blacklidge,wblacklidgegc@ovh.net,Male
590,Barrie,Guite,bguitegd@shop-pro.jp,Male
591,Fernando,Ricketts,frickettsge@latimes.com,Male
592,Otho,Goligher,ogolighergf@usgs.gov,Male
593,Delano,Bragg,dbragggg@intel.com,Male
594,Val,Massingham,vmassinghamgh@homestead.com,Male
595,Matthaeus,Whitwell,mwhitwellgi@macromedia.com,Male
596,Saunderson,Wynn,swynngj@mozilla.org,Male
597,Kellen,Gumly,kgumlygk@dell.com,Male
598,Delilah,Widdicombe,dwiddicombegl@amazon.com,Female
599,Arlene,Mickleborough,amickleboroughgm@imdb.com,Female
600,Lynnea,Luchetti,lluchettign@altervista.org,Agender
601,Trstram,Joseff,tjoseffgo@typepad.com,Male
602,Myrna,Pellamonuten,mpellamonutengp@bigcartel.com,Female
603,Ellen,Dumphrey,edumphreygq@rediff.com,Female
604,Eldredge,Wetter,ewettergr@bloglines.com,Male
605,Rockie,Yeiles,ryeilesgs@japanpost.jp,Male
606,Caleb,Oger,cogergt@narod.ru,Male
607,Penrod,Jewis,pjewisgu@yolasite.com,Male
608,Wandie,Breach,wbreachgv@theatlantic.com,Female
609,Romy,Shellshear,rshellsheargw@lulu.com,Female
610,Halimeda,Plaistowe,hplaistowegx@people.com.cn,Female
611,Raeann,Chable,rchablegy@digg.com,Female
612,Lyle,Ellwell,lellwellgz@purevolume.com,Male
613,Dolli,Fieller,dfiellerh0@example.com,Female
614,Edgar,Prium,epriumh1@myspace.com,Agender
615,Oriana,Muckley,omuckleyh2@mayoclinic.com,Female
616,Faber,Fabb,ffabbh3@google.cn,Male
617,Karleen,MacGilpatrick,kmacgilpatrickh4@angelfire.com,Female
618,Fonsie,Summerfield,fsummerfieldh5@mit.edu,Male
619,Harriett,Irvin,hirvinh6@noaa.gov,Female
620,Fons,Punyer,fpunyerh7@hc360.com,Male
621,Cherish,Bon,cbonh8@drupal.org,Female
622,Marina,Alfonsetto,malfonsettoh9@sourceforge.net,Female
623,Niles,Monroe,nmonroeha@earthlink.net,Male
624,Johanna,Scates,jscateshb@google.co.jp,Female
625,Tonia,Tremonte,ttremontehc@1688.com,Female
626,Nessie,Pepperrall,npepperrallhd@i2i.jp,Non-binary
627,Ilyse,Sloan,isloanhe@psu.edu,Female
628,Shalom,Spearing,sspearinghf@squarespace.com,Male
629,Umberto,Gauntley,ugauntleyhg@reuters.com,Male
630,Loralyn,Domange,ldomangehh@timesonline.co.uk,Female
631,Devy,Boarer,dboarerhi@un.org,Male
632,Josepha,Eckersall,jeckersallhj@wix.com,Female
633,Em,Emanuelli,eemanuellihk@independent.co.uk,Female
634,Sofia,Lockney,slockneyhl@weebly.com,Female
635,Sid,Goodger,sgoodgerhm@blogger.com,Male
636,Christina,Fittis,cfittishn@ask.com,Female
637,Westbrooke,Willcott,wwillcottho@cafepress.com,Male
638,Arabel,Jansen,ajansenhp@paypal.com,Female
639,Cheslie,Braemer,cbraemerhq@etsy.com,Female
640,Layton,Hindhaugh,lhindhaughhr@cpanel.net,Male
641,Gustave,Bravery,gbraveryhs@ca.gov,Genderqueer
642,Amabel,Emmer,aemmerht@facebook.com,Female
643,Godard,Walsom,gwalsomhu@usda.gov,Male
644,Marsh,Shilliday,mshillidayhv@sohu.com,Male
645,Jacinta,Knights,jknightshw@oracle.com,Female
646,Efren,Camerana,ecameranahx@buzzfeed.com,Male
647,Aridatha,Breston,abrestonhy@drupal.org,Female
648,Zondra,McIlhagga,zmcilhaggahz@sfgate.com,Female
649,Adelaida,Crowley,acrowleyi0@qq.com,Female
650,Ailis,MacRury,amacruryi1@nature.com,Female
651,Price,Shervil,pshervili2@reuters.com,Male
652,Cameron,Cowper,ccowperi3@skyrock.com,Male
653,Clywd,Shepherdson,cshepherdsoni4@over-blog.com,Male
654,Minta,Klagge,mklaggei5@ucla.edu,Female
655,Joey,Silwood,jsilwoodi6@loc.gov,Female
656,Phylys,Bestwall,pbestwalli7@timesonline.co.uk,Female
657,Currey,Mather,cmatheri8@squarespace.com,Genderfluid
658,Mariana,Korpal,mkorpali9@sciencedirect.com,Genderqueer
659,Abie,Nardi,anardiia@dell.com,Male
660,Ricca,Battyll,rbattyllib@bluehost.com,Female
661,Nissie,Brumwell,nbrumwellic@answers.com,Female
662,Fremont,Stainsby,fstainsbyid@netlog.com,Male
663,Tessie,Raithby,traithbyie@apple.com,Female
664,Kurtis,Forward,kforwardif@yellowpages.com,Male
665,Herbie,Lampke,hlampkeig@yellowpages.com,Male
666,Waverly,Trenam,wtrenamih@opera.com,Male
667,Irv,Gawthorp,igawthorpii@un.org,Male
668,Dominic,Tampling,dtamplingij@flavors.me,Male
669,Harp,Mintoft,hmintoftik@eepurl.com,Male
670,Sophie,Zoppie,szoppieil@howstuffworks.com,Female
671,Liliane,Strange,lstrangeim@paginegialle.it,Female
672,Rustie,Whorf,rwhorfin@blogtalkradio.com,Male
673,Florence,Coneybeare,fconeybeareio@live.com,Female
674,Lincoln,Garshore,lgarshoreip@kickstarter.com,Male
675,Flossy,Orans,foransiq@umich.edu,Female
676,Fulvia,Grigorian,fgrigorianir@goo.ne.jp,Female
677,Kimberlyn,Sterte,ksterteis@alexa.com,Bigender
678,Waverly,Pilgrim,wpilgrimit@123-reg.co.uk,Agender
679,Rosamond,Rawes,rrawesiu@usda.gov,Female
680,Kai,Ridgewell,kridgewelliv@godaddy.com,Female
681,Jaquelin,Lassell,jlasselliw@vimeo.com,Female
682,Hillier,Chaters,hchatersix@hibu.com,Male
683,Neall,Wernham,nwernhamiy@dailymotion.com,Male
684,Brigida,Rowaszkiewicz,browaszkiewicziz@amazon.co.uk,Female
685,Vito,Burston,vburstonj0@state.tx.us,Male
686,Lorin,Candy,lcandyj1@businessweek.com,Male
687,Mareah,Ellif,mellifj2@google.com,Female
688,Marshal,Hanburry,mhanburryj3@dagondesign.com,Male
689,Salome,Whitechurch,swhitechurchj4@businesswire.com,Female
690,Sanderson,Kinch,skinchj5@independent.co.uk,Male
691,Jecho,Haberfield,jhaberfieldj6@cocolog-nifty.com,Male
692,Kaile,Ruff,kruffj7@scribd.com,Female
693,Berny,Francais,bfrancaisj8@myspace.com,Bigender
694,Floyd,Shipley,fshipleyj9@liveinternet.ru,Male
695,Latia,Pymar,lpymarja@webs.com,Female
696,Parry,Tilt,ptiltjb@mashable.com,Male
697,Edita,Uren,eurenjc@blinklist.com,Female
698,Jamison,Burdytt,jburdyttjd@indiatimes.com,Bigender
699,Durand,Archley,darchleyje@naver.com,Male
700,Dill,Leythley,dleythleyjf@squarespace.com,Male
701,Lydon,Osborne,losbornejg@mayoclinic.com,Male
702,Correy,Mell,cmelljh@symantec.com,Bigender
703,Marlon,Grinval,mgrinvalji@nsw.gov.au,Male
704,Shelly,Strutt,sstruttjj@hubpages.com,Female
705,Berky,Kerslake,bkerslakejk@taobao.com,Male
706,Elroy,Acaster,eacasterjl@google.com,Male
707,Nana,Laybourn,nlaybournjm@istockphoto.com,Genderqueer
708,Briano,Shillan,bshillanjn@liveinternet.ru,Male
709,Harwell,Victor,hvictorjo@ustream.tv,Male
710,Atlante,Fullstone,afullstonejp@mtv.com,Female
711,Phillie,McPeck,pmcpeckjq@java.com,Female
712,Kayla,Millhill,kmillhilljr@over-blog.com,Female
713,Niko,Balsdone,nbalsdonejs@state.tx.us,Male
714,Kendra,Mayfield,kmayfieldjt@salon.com,Female
715,Maris,Abbate,mabbateju@blog.com,Female
716,Hortensia,Currington,hcurringtonjv@1688.com,Female
717,Giacobo,Vela,gvelajw@illinois.edu,Male
718,Timmie,Bubbins,tbubbinsjx@spiegel.de,Male
719,Clywd,Drinkeld,cdrinkeldjy@multiply.com,Male
720,Orly,Fernley,ofernleyjz@live.com,Female
721,Reena,Milch,rmilchk0@opera.com,Female
722,Floris,Lafontaine,flafontainek1@businesswire.com,Female
723,Elnora,Ranscomb,eranscombk2@blogspot.com,Female
724,Odey,Choke,ochokek3@netlog.com,Male
725,Mab,Ironside,mironsidek4@posterous.com,Female
726,Archer,Lacaze,alacazek5@phpbb.com,Non-binary
727,Quinta,Rochford,qrochfordk6@harvard.edu,Female
728,Iver,Perett,iperettk7@com.com,Male
729,Hart,Camoletto,hcamolettok8@discovery.com,Male
730,Pamela,Millam,pmillamk9@skype.com,Female
731,Fonsie,Correa,fcorreaka@sciencedirect.com,Male
732,Rickert,Duckers,rduckerskb@state.tx.us,Male
733,Riobard,Twidell,rtwidellkc@rakuten.co.jp,Male
734,Nichole,Kira,nkirakd@kickstarter.com,Female
735,Lorraine,Lipscomb,llipscombke@va.gov,Female
736,Rafi,Clyma,rclymakf@youtu.be,Male
737,Kalli,Frogley,kfrogleykg@google.ca,Female
738,Gerard,Riddick,griddickkh@printfriendly.com,Male
739,Abrahan,Walework,awaleworkki@desdev.cn,Male
740,Parsifal,Cubbini,pcubbinikj@i2i.jp,Male
741,Marius,Crossan,mcrossankk@amazon.de,Male
742,Rebeka,Habbert,rhabbertkl@scientificamerican.com,Female
743,Ad,De Micoli,ademicolikm@sourceforge.net,Male
744,Gideon,Riccardo,griccardokn@cbsnews.com,Male
745,Caddric,Pancost,cpancostko@rediff.com,Male
746,Baron,Degoey,bdegoeykp@topsy.com,Male
747,Crosby,Franklen,cfranklenkq@netvibes.com,Male
748,Gabbie,Jennings,gjenningskr@vk.com,Female
749,Sharai,Moroney,smoroneyks@google.co.jp,Female
750,Pincas,Conant,pconantkt@addtoany.com,Genderfluid
751,Samaria,Wildin,swildinku@wiley.com,Non-binary
752,Lemar,Branton,lbrantonkv@skype.com,Male
753,Halimeda,Clues,hclueskw@flickr.com,Female
754,Sigismond,Dunthorn,sdunthornkx@wikispaces.com,Male
755,Glori,Wiley,gwileyky@wix.com,Female
756,Claire,Filoniere,cfilonierekz@google.ca,Male
757,Keenan,Justham,kjusthaml0@seattletimes.com,Non-binary
758,Celinda,Heintze,cheintzel1@google.de,Female
759,Kylynn,Fairbairn,kfairbairnl2@gizmodo.com,Female
760,Giuseppe,Piwall,gpiwalll3@wiley.com,Male
761,Gael,McCulley,gmcculleyl4@scientificamerican.com,Female
762,Dagny,Woodwin,dwoodwinl5@addtoany.com,Non-binary
763,Mona,Gullyes,mgullyesl6@netvibes.com,Female
764,Joanne,Arangy,jarangyl7@diigo.com,Female
765,Feodor,Abley,fableyl8@deviantart.com,Male
766,Winonah,Pottle,wpottlel9@tripadvisor.com,Bigender
767,Norman,Cady,ncadyla@cafepress.com,Male
768,Blayne,Amerighi,bamerighilb@xrea.com,Male
769,Stacy,Winsborrow,swinsborrowlc@ibm.com,Non-binary
770,Salomone,Yoskowitz,syoskowitzld@bizjournals.com,Male
771,Arielle,Hatherleigh,ahatherleighle@xinhuanet.com,Female
772,Giffer,Mackleden,gmackledenlf@tripadvisor.com,Male
773,Margaretha,Andraud,mandraudlg@columbia.edu,Female
774,Benedict,Le Noire,blenoirelh@slashdot.org,Genderfluid
775,Raffaello,Brigden,rbrigdenli@fc2.com,Male
776,Eadmund,Ervine,eervinelj@mapquest.com,Male
777,Eunice,Dockrill,edockrilllk@virginia.edu,Female
778,Catriona,Batts,cbattsll@posterous.com,Agender
779,Deloris,Van der Mark,dvandermarklm@is.gd,Female
780,Ingelbert,Dorset,idorsetln@live.com,Male
781,Teena,Jasiak,tjasiaklo@va.gov,Female
782,Archibaldo,Boshell,aboshelllp@accuweather.com,Male
783,Ajay,Yerrington,ayerringtonlq@usda.gov,Female
784,Nanon,Briscam,nbriscamlr@cargocollective.com,Female
785,Bendicty,Beincken,bbeinckenls@mtv.com,Genderfluid
786,Nicolais,Egiloff,negilofflt@yandex.ru,Male
787,Tate,Koppes,tkoppeslu@soundcloud.com,Female
788,Whittaker,Parminter,wparminterlv@reference.com,Male
789,Thornton,Imore,timorelw@imageshack.us,Male
790,Korry,Longmead,klongmeadlx@wisc.edu,Female
791,Allie,Meeson,ameesonly@ameblo.jp,Female
792,Erasmus,MacTimpany,emactimpanylz@google.com,Male
793,Bathsheba,Chieco,bchiecom0@unesco.org,Female
794,Abie,Beagles,abeaglesm1@omniture.com,Male
795,Felicia,Yonnie,fyonniem2@mozilla.org,Female
796,Karney,Caswill,kcaswillm3@360.cn,Male
797,Kristin,Tomkins,ktomkinsm4@bing.com,Female
798,Nichols,Tudge,ntudgem5@woothemes.com,Male
799,Homerus,Frankham,hfrankhamm6@abc.net.au,Male
800,Waldemar,Collyear,wcollyearm7@devhub.com,Male
801,Zaccaria,Zienkiewicz,zzienkiewiczm8@mozilla.org,Male
802,Dewie,Wheelwright,dwheelwrightm9@lycos.com,Male
803,Arliene,Waugh,awaughma@over-blog.com,Female
804,Amalle,Copcutt,acopcuttmb@altervista.org,Female
805,Haskell,Ort,hortmc@mapquest.com,Male
806,Lacee,Prangle,lpranglemd@jugem.jp,Genderqueer
807,Andris,Staziker,astazikerme@oaic.gov.au,Male
808,Hildegarde,Cail,hcailmf@simplemachines.org,Female
809,Lainey,Partridge,lpartridgemg@ucla.edu,Female
810,Sonia,Finden,sfindenmh@unblog.fr,Female
811,Gearard,Garriock,ggarriockmi@state.tx.us,Male
812,Saul,Sollitt,ssollittmj@nih.gov,Male
813,Haroun,Rigby,hrigbymk@istockphoto.com,Polygender
814,Giana,Cumesky,gcumeskyml@example.com,Female
815,Frederica,Brearton,fbreartonmm@networkadvertising.org,Female
816,Chrissy,Rustadge,crustadgemn@latimes.com,Bigender
817,Chevy,Antowski,cantowskimo@cnbc.com,Male
818,Rolf,Moisey,rmoiseymp@deliciousdays.com,Male
819,Lulu,Egentan,legentanmq@springer.com,Female
820,Adrea,Stearns,astearnsmr@wisc.edu,Female
821,Oswell,Georgeou,ogeorgeoums@so-net.ne.jp,Male
822,Linn,Campbell,lcampbellmt@symantec.com,Male
823,Elmer,Klassman,eklassmanmu@delicious.com,Genderfluid
824,Joline,Swepson,jswepsonmv@wikispaces.com,Female
825,Teresina,Licciardo,tlicciardomw@ibm.com,Female
826,Markus,Stennard,mstennardmx@yale.edu,Male
827,Lemuel,MacGrath,lmacgrathmy@pinterest.com,Male
828,Shaine,Carroll,scarrollmz@sina.com.cn,Genderqueer
829,Boonie,Revett,brevettn0@gnu.org,Male
830,Janenna,O' Byrne,jobyrnen1@dailymotion.com,Female
831,Knox,Tring,ktringn2@wikimedia.org,Male
832,Charmion,Grattan,cgrattann3@npr.org,Female
833,Stephan,Shapcott,sshapcottn4@digg.com,Male
834,Homerus,Simakov,hsimakovn5@bbb.org,Male
835,Joycelin,Mostin,jmostinn6@elpais.com,Female
836,Salomi,Ezzle,sezzlen7@businessweek.com,Female
837,Melony,Pettie,mpettien8@stanford.edu,Female
838,Giselbert,Pratley,gpratleyn9@about.com,Male
839,Aida,Ritson,aritsonna@about.com,Non-binary
840,Grannie,Korfmann,gkorfmannnb@intel.com,Male
841,Ebonee,Skune,eskunenc@mashable.com,Female
842,Aggi,Smetoun,asmetounnd@tumblr.com,Female
843,Karylin,Rape,krapene@jalbum.net,Female
844,Mannie,Chalice,mchalicenf@comcast.net,Male
845,Petronilla,Karoly,pkarolyng@nps.gov,Female
846,Sibella,Twitty,stwittynh@pcworld.com,Female
847,Ebenezer,Maskall,emaskallni@europa.eu,Male
848,Johan,Lamb,jlambnj@slideshare.net,Male
849,Waverly,Catterall,wcatterallnk@printfriendly.com,Male
850,Linus,Fawloe,lfawloenl@hostgator.com,Male
851,Lorena,Willmetts,lwillmettsnm@reference.com,Female
852,Myriam,Ashborne,mashbornenn@is.gd,Female
853,Anstice,Rowntree,arowntreeno@surveymonkey.com,Female
854,Tremaine,Kime,tkimenp@hatena.ne.jp,Male
855,Teodoor,Gieraths,tgierathsnq@g.co,Male
856,Mallory,Lillo,mlillonr@nationalgeographic.com,Male
857,Cobb,Grattan,cgrattanns@barnesandnoble.com,Male
858,Clem,Gurdon,cgurdonnt@diigo.com,Male
859,Dierdre,Hoy,dhoynu@prlog.org,Female
860,Augusto,Grundon,agrundonnv@foxnews.com,Genderqueer
861,Martita,Byrkmyr,mbyrkmyrnw@printfriendly.com,Female
862,Peggi,Chasemoore,pchasemoorenx@disqus.com,Female
863,Flem,Caser,fcaserny@senate.gov,Male
864,Idelle,Yo,iyonz@mashable.com,Female
865,Carly,Myles,cmyleso0@behance.net,Female
866,Adi,Nobles,anobleso1@imdb.com,Female
867,Hanni,Willcock,hwillcocko2@comsenz.com,Female
868,Dallas,Nangle,dnangleo3@bizjournals.com,Male
869,Neal,Hounson,nhounsono4@army.mil,Male
870,Pamela,Whybray,pwhybrayo5@statcounter.com,Female
871,Kora,Galletly,kgalletlyo6@networksolutions.com,Female
872,Kip,Jost,kjosto7@ocn.ne.jp,Male
873,Fiorenze,Loody,floodyo8@trellian.com,Female
874,Liliane,Doig,ldoigo9@histats.com,Female
875,Eberhard,Hornig,ehornigoa@fastcompany.com,Male
876,Marrissa,Minocchi,mminocchiob@bloglovin.com,Female
877,Marrilee,Smouten,msmoutenoc@goo.gl,Female
878,Darill,Cathenod,dcathenodod@is.gd,Male
879,Rudiger,Matthew,rmatthewoe@taobao.com,Male
880,Benyamin,Geleman,bgelemanof@oaic.gov.au,Male
881,Guglielmo,Wagstaffe,gwagstaffeog@sun.com,Male
882,Carney,Benting,cbentingoh@wikimedia.org,Male
883,Reuben,Scallon,rscallonoi@ask.com,Genderfluid
884,Grissel,Nutbean,gnutbeanoj@sbwire.com,Female
885,Mack,Cookson,mcooksonok@unesco.org,Male
886,Buckie,Ansett,bansettol@wikispaces.com,Non-binary
887,Orv,Raithby,oraithbyom@networksolutions.com,Male
888,Stevie,Letherbury,sletherburyon@spotify.com,Male
889,Justen,Fookes,jfookesoo@altervista.org,Male
890,Eleanora,Shackelton,eshackeltonop@netlog.com,Female
891,Chloette,Tantrum,ctantrumoq@hc360.com,Female
892,Anita,Tesimon,atesimonor@nationalgeographic.com,Female
893,Brooke,Nevinson,bnevinsonos@biblegateway.com,Female
894,Tann,Lumb,tlumbot@google.it,Male
895,Rutledge,Newlands,rnewlandsou@w3.org,Bigender
896,Abdul,Carlisso,acarlissoov@marketwatch.com,Male
897,Vidovic,Wollacott,vwollacottow@ebay.co.uk,Bigender
898,Joanne,Russi,jrussiox@dmoz.org,Agender
899,Brittan,Aumerle,baumerleoy@ycombinator.com,Female
900,Abe,Aldous,aaldousoz@xinhuanet.com,Male
901,Elke,Oehm,eoehmp0@telegraph.co.uk,Non-binary
902,Carine,Fibbitts,cfibbittsp1@howstuffworks.com,Genderqueer
903,Reade,Durkin,rdurkinp2@cpanel.net,Male
904,Lisette,Benedick,lbenedickp3@1und1.de,Female
905,Silvio,Clinnick,sclinnickp4@loc.gov,Polygender
906,Eldredge,Pendleberry,ependleberryp5@twitpic.com,Genderfluid
907,Bernadina,Konig,bkonigp6@arizona.edu,Female
908,Dyanne,Giblin,dgiblinp7@mapy.cz,Female
909,Berk,Janda,bjandap8@linkedin.com,Male
910,Tyson,Bellino,tbellinop9@ask.com,Male
911,Hube,Besantie,hbesantiepa@reverbnation.com,Polygender
912,Griff,Deeman,gdeemanpb@pbs.org,Male
913,Welbie,Tomasi,wtomasipc@zimbio.com,Male
914,Sunny,Threadgall,sthreadgallpd@t.co,Female
915,Noelani,Trehearne,ntrehearnepe@oaic.gov.au,Female
916,Brandi,Samms,bsammspf@wiley.com,Female
917,Urbain,Newberry,unewberrypg@house.gov,Male
918,Reider,Ewert,rewertph@mac.com,Male
919,Jillana,Ruthen,jruthenpi@themeforest.net,Female
920,Hagan,Longhirst,hlonghirstpj@linkedin.com,Bigender
921,Morry,Scholl,mschollpk@blogs.com,Male
922,Sunshine,Korfmann,skorfmannpl@simplemachines.org,Female
923,Sheena,Drohane,sdrohanepm@youtu.be,Female
924,Carlye,Tybalt,ctybaltpn@behance.net,Female
925,Noam,Gotts,ngottspo@whitehouse.gov,Male
926,Waldo,Snepp,wsnepppp@usatoday.com,Male
927,Hanan,Auston,haustonpq@pinterest.com,Male
928,Joellen,Stacey,jstaceypr@narod.ru,Female
929,Eduardo,Sproat,esproatps@china.com.cn,Male
930,Beltran,Dench,bdenchpt@nytimes.com,Male
931,Creighton,Crosetto,ccrosettopu@vinaora.com,Male
932,Nollie,Marsham,nmarshampv@about.com,Male
933,Theda,Cobon,tcobonpw@moonfruit.com,Female
934,Kerby,Lavallin,klavallinpx@mapy.cz,Male
935,Jandy,Capineer,jcapineerpy@cpanel.net,Female
936,Cynde,Imorts,cimortspz@phpbb.com,Female
937,Marysa,Beresford,mberesfordq0@auda.org.au,Female
938,Abbie,Britton,abrittonq1@jalbum.net,Male
939,Hannis,Walklot,hwalklotq2@shutterfly.com,Female
940,Roxanne,McGaw,rmcgawq3@taobao.com,Female
941,Valentino,Simonel,vsimonelq4@sakura.ne.jp,Male
942,Fee,Schiesterl,fschiesterlq5@mysql.com,Bigender
943,Kendell,Lace,klaceq6@vistaprint.com,Male
944,Waly,Portail,wportailq7@t.co,Female
945,Arlen,Gilbey,agilbeyq8@cyberchimps.com,Female
946,Floris,Barensen,fbarensenq9@blinklist.com,Female
947,Emelyne,Madelin,emadelinqa@nba.com,Female
948,Shani,Davydzenko,sdavydzenkoqb@twitter.com,Female
949,Glenden,Shemmans,gshemmansqc@ted.com,Male
950,Reinwald,Perse,rperseqd@issuu.com,Male
951,Virgil,Morilla,vmorillaqe@dagondesign.com,Male
952,Brena,Bilston,bbilstonqf@netlog.com,Female
953,Avivah,Evers,aeversqg@amazon.com,Female
954,Jenilee,Bucklee,jbuckleeqh@jalbum.net,Female
955,Ferrel,Scurman,fscurmanqi@thetimes.co.uk,Male
956,Devin,Girardot,dgirardotqj@taobao.com,Male
957,Melli,Gyngyll,mgyngyllqk@printfriendly.com,Female
958,Efrem,Garie,egarieql@umich.edu,Genderfluid
959,Michal,Frugier,mfrugierqm@hugedomains.com,Female
960,Fina,Reyburn,freyburnqn@homestead.com,Female
961,Margy,Oventon,moventonqo@ucoz.ru,Female
962,Lacee,Branney,lbranneyqp@reference.com,Bigender
963,Delmore,Duesbury,dduesburyqq@surveymonkey.com,Male
964,Emlynne,Matheson,emathesonqr@marketwatch.com,Bigender
965,Brnaby,Flood,bfloodqs@drupal.org,Male
966,Jorgan,Whitesel,jwhiteselqt@economist.com,Male
967,Davie,Kibblewhite,dkibblewhitequ@t.co,Male
968,Erin,Deware,edewareqv@ycombinator.com,Male
969,Payton,Callicott,pcallicottqw@cloudflare.com,Male
970,Paulo,Burrows,pburrowsqx@cbslocal.com,Male
971,Charmane,Rops,cropsqy@stanford.edu,Female
972,Larina,Elgie,lelgieqz@imdb.com,Female
973,Grove,Negal,gnegalr0@weibo.com,Male
974,Nancy,Bee,nbeer1@fotki.com,Female
975,Codie,Vobes,cvobesr2@imdb.com,Female
976,Hewett,Ducarne,hducarner3@github.com,Male
977,Wenona,Jeffry,wjeffryr4@ehow.com,Female
978,Osmund,Laytham,olaythamr5@state.tx.us,Male
979,Carce,Trask,ctraskr6@blogs.com,Male
980,Mariette,Aldrick,maldrickr7@tripadvisor.com,Female
981,Gena,Litherborough,glitherboroughr8@typepad.com,Female
982,Harriott,Redferne,hredferner9@seesaa.net,Female
983,Joanna,Gillingham,jgillinghamra@cnbc.com,Female
984,Cicely,Atkyns,catkynsrb@wikispaces.com,Female
985,Merrill,Gower,mgowerrc@ucla.edu,Female
986,Brendin,Leak,bleakrd@uiuc.edu,Male
987,Salomon,Butler,sbutlerre@berkeley.edu,Male
988,Gerri,Bilbey,gbilbeyrf@miitbeian.gov.cn,Male
989,Harcourt,Corkhill,hcorkhillrg@miitbeian.gov.cn,Male
990,Corey,Gleader,cgleaderrh@prnewswire.com,Female
991,Albina,Lippini,alippiniri@yolasite.com,Female
992,Rivkah,Sergant,rsergantrj@xing.com,Female
993,Dilan,Coonihan,dcoonihanrk@hp.com,Male
994,Correy,Alloisi,calloisirl@ameblo.jp,Non-binary
995,Suzann,Abba,sabbarm@washington.edu,Female
996,Gerald,Cabera,gcaberarn@artisteer.com,Male
997,Kelsey,Mease,kmeasero@macromedia.com,Female
998,Carena,Cosby,ccosbyrp@sakura.ne.jp,Female
999,Dominique,Myhill,dmyhillrq@shop-pro.jp,Male
1000,Neile,Challis,nchallisrr@disqus.com,Female
